{
  "LogisticRegression": {
    "classification": {
      "accuracy": 0.6013057181449797,
      "precision": 0.45454545454545453,
      "recall": 0.0009412650602409639,
      "f1": 0.0018786398647379298,
      "roc_auc": 0.5036906892606614,
      "pr_auc": 0.40184911558084346,
      "confusion_matrix": [
        [
          8008,
          6
        ],
        [
          5307,
          5
        ]
      ]
    },
    "regression": {
      "mse": 3.080302586371576,
      "mae": 1.5343999136350095,
      "r2": -2.507275020427949
    },
    "ranking": {
      "ndcg@5": 0.648555071544964,
      "ndcg@10": 0.8161541349807365
    }
  },
  "RandomForest": {
    "classification": {
      "accuracy": 0.5587573165240882,
      "precision": 0.3981348637015782,
      "recall": 0.20896084337349397,
      "f1": 0.2740740740740741,
      "roc_auc": 0.49552853289875254,
      "pr_auc": 0.3980172754169604,
      "confusion_matrix": [
        [
          6336,
          1678
        ],
        [
          4202,
          1110
        ]
      ]
    },
    "regression": {
      "mse": 3.500396227213353,
      "mae": 1.6051138246648247,
      "r2": -2.985599435465551
    },
    "ranking": {
      "ndcg@5": 0.648555071544964,
      "ndcg@10": 0.8161541349807365
    }
  },
  "XGBoost": {
    "classification": {
      "accuracy": 0.5908749812396819,
      "precision": 0.3994252873563218,
      "recall": 0.05233433734939759,
      "f1": 0.09254327563249001,
      "roc_auc": 0.490801254055403,
      "pr_auc": 0.3945444250512694,
      "confusion_matrix": [
        [
          7596,
          418
        ],
        [
          5034,
          278
        ]
      ]
    },
    "regression": {
      "mse": 3.166836007309176,
      "mae": 1.5479490153399378,
      "r2": -2.6058031673150133
    },
    "ranking": {
      "ndcg@5": 0.648555071544964,
      "ndcg@10": 0.8161541349807365
    }
  }
}